{"cameraMode":{"drawMode":0,"name":"Shaded","section":"Shading Mode"},"sceneLighting":false,"audioPlay":false,"sceneViewState":{"m_AlwaysRefresh":false,"showFog":true,"showSkybox":false,"showFlares":true,"showImageEffects":true,"showParticleSystems":true,"showVisualEffectGraphs":true,"m_FxEnabled":true},"in2DMode":false,"pivot":{"x":-3.7482857704162599,"y":2.3847694396972658,"z":17.69887924194336},"rotation":{"x":0.03570779040455818,"y":0.017121700569987298,"z":0.0021880073472857477,"w":0.9992260336875916},"size":15.032591819763184,"orthographic":true}