{"cameraMode":{"drawMode":0,"name":"Shaded","section":"Shading Mode"},"sceneLighting":false,"audioPlay":false,"sceneViewState":{"m_AlwaysRefresh":false,"showFog":true,"showSkybox":false,"showFlares":true,"showImageEffects":true,"showParticleSystems":true,"showVisualEffectGraphs":true,"m_FxEnabled":true},"in2DMode":false,"pivot":{"x":11.501266479492188,"y":-1.919731616973877,"z":17.19278335571289},"rotation":{"x":0.03570779040455818,"y":0.017121700569987298,"z":0.0021880073472857477,"w":0.9992260336875916},"size":13.306659698486329,"orthographic":true}